{
  "merged_timestamp": "2025-08-13T22:32:51.804929",
  "source_files": [
    "c:\\Users\\jungh\\Documents\\GitHub\\Kaist\\scal_test_result\\1_result.json",
    "c:\\Users\\jungh\\Documents\\GitHub\\Kaist\\scal_test_result\\2_result.json",
    "c:\\Users\\jungh\\Documents\\GitHub\\Kaist\\scal_test_result\\3_result.json"
  ],
  "merged_results": [
    {
      "circuit_id": "scalability_test1_16q_d1_r0.3_0",
      "num_qubits": 16,
      "depth": 17,
      "timestamp": "2025-08-13T11:55:52.612606",
      "fidelity": 0.67578125,
      "robust_fidelity": 0.95703125,
      "expressibility": {
        "kl_divergence": 8.771758100953406
      },
      "entanglement": 0.54248046875
    },
    {
      "circuit_id": "scalability_test1_16q_d2_r0.3_0",
      "num_qubits": 16,
      "depth": 34,
      "timestamp": "2025-08-13T11:55:52.612606",
      "fidelity": 0.615234375,
      "robust_fidelity": 0.8203125,
      "expressibility": {
        "kl_divergence": 14.520603220665901
      },
      "entanglement": 0.5537109375
    },
    {
      "circuit_id": "scalability_test1_16q_d3_r0.3_0",
      "num_qubits": 16,
      "depth": 51,
      "timestamp": "2025-08-13T11:55:52.612606",
      "fidelity": 0.166015625,
      "robust_fidelity": 0.576171875,
      "expressibility": {
        "kl_divergence": 8.507702037529512
      },
      "entanglement": 1.103515625
    },
    {
      "circuit_id": "scalability_test1_16q_d1_r0.5_0",
      "num_qubits": 16,
      "depth": 17,
      "timestamp": "2025-08-13T11:55:52.612606",
      "fidelity": 0.724609375,
      "robust_fidelity": 0.966796875,
      "expressibility": {
        "kl_divergence": 11.475774918822992
      },
      "entanglement": 0.47998046875
    },
    {
      "circuit_id": "scalability_test1_16q_d2_r0.5_0",
      "num_qubits": 16,
      "depth": 34,
      "timestamp": "2025-08-13T11:55:52.612606",
      "fidelity": 0.234375,
      "robust_fidelity": 0.634765625,
      "expressibility": {
        "kl_divergence": 6.522160732903176
      },
      "entanglement": 1.11279296875
    },
    {
      "circuit_id": "scalability_test1_16q_d3_r0.5_0",
      "num_qubits": 16,
      "depth": 51,
      "timestamp": "2025-08-13T11:55:52.612606",
      "fidelity": 0.0,
      "robust_fidelity": 0.0,
      "expressibility": {
        "kl_divergence": 7.538014650465792
      },
      "entanglement": 1.482421875
    },
    {
      "circuit_id": "scalability_test1_16q_d1_r0.8_0",
      "num_qubits": 16,
      "depth": 17,
      "timestamp": "2025-08-13T11:55:52.612606",
      "fidelity": 0.720703125,
      "robust_fidelity": 0.966796875,
      "expressibility": {
        "kl_divergence": 10.377162640152251
      },
      "entanglement": 0.5390625
    },
    {
      "circuit_id": "scalability_test1_16q_d2_r0.8_0",
      "num_qubits": 16,
      "depth": 34,
      "timestamp": "2025-08-13T11:55:52.612606",
      "fidelity": 0.0,
      "robust_fidelity": 0.03125,
      "expressibility": {
        "kl_divergence": 11.503987757271325
      },
      "entanglement": 1.56787109375
    },
    {
      "circuit_id": "scalability_test1_16q_d3_r0.8_0",
      "num_qubits": 16,
      "depth": 51,
      "timestamp": "2025-08-13T11:55:52.612606",
      "fidelity": 0.0,
      "robust_fidelity": 0.0,
      "expressibility": {
        "kl_divergence": 15.397409938523566
      },
      "entanglement": 1.5751953125
    },
    {
      "circuit_id": "scalability_test1_17q_d1_r0.3_0",
      "num_qubits": 17,
      "depth": 18,
      "timestamp": "2025-08-13T11:55:52.612606",
      "fidelity": 0.728515625,
      "robust_fidelity": 0.95703125,
      "expressibility": {
        "kl_divergence": 8.507702037529514
      },
      "entanglement": 0.5284926470588236
    },
    {
      "circuit_id": "scalability_test1_17q_d2_r0.3_0",
      "num_qubits": 17,
      "depth": 36,
      "timestamp": "2025-08-13T11:55:52.612606",
      "fidelity": 0.46875,
      "robust_fidelity": 0.759765625,
      "expressibility": {
        "kl_divergence": 8.53261861462152
      },
      "entanglement": 0.7936580882352942
    },
    {
      "circuit_id": "scalability_test1_17q_d3_r0.3_0",
      "num_qubits": 17,
      "depth": 54,
      "timestamp": "2025-08-13T11:55:52.612606",
      "fidelity": 0.05078125,
      "robust_fidelity": 0.189453125,
      "expressibility": {
        "kl_divergence": 7.447084056685469
      },
      "entanglement": 1.0018382352941178
    },
    {
      "circuit_id": "scalability_test1_17q_d1_r0.5_0",
      "num_qubits": 17,
      "depth": 18,
      "timestamp": "2025-08-13T11:55:52.612606",
      "fidelity": 0.71484375,
      "robust_fidelity": 0.947265625,
      "expressibility": {
        "kl_divergence": 7.381070040934718
      },
      "entanglement": 0.5036764705882353
    },
    {
      "circuit_id": "scalability_test1_17q_d2_r0.5_0",
      "num_qubits": 17,
      "depth": 36,
      "timestamp": "2025-08-13T11:55:52.612606",
      "fidelity": 0.083984375,
      "robust_fidelity": 0.517578125,
      "expressibility": {
        "kl_divergence": 7.604028666187643
      },
      "entanglement": 0.8653492647058822
    },
    {
      "circuit_id": "scalability_test1_17q_d3_r0.5_0",
      "num_qubits": 17,
      "depth": 54,
      "timestamp": "2025-08-13T11:55:52.614210",
      "fidelity": 0.0,
      "robust_fidelity": 0.001953125,
      "expressibility": {
        "kl_divergence": 12.29071650192771
      },
      "entanglement": 1.1470588235294117
    },
    {
      "circuit_id": "scalability_test1_17q_d1_r0.8_0",
      "num_qubits": 17,
      "depth": 18,
      "timestamp": "2025-08-13T11:55:52.614210",
      "fidelity": 0.73046875,
      "robust_fidelity": 0.943359375,
      "expressibility": {
        "kl_divergence": 13.50771015887914
      },
      "entanglement": 0.5266544117647058
    },
    {
      "circuit_id": "scalability_test1_17q_d2_r0.8_0",
      "num_qubits": 17,
      "depth": 36,
      "timestamp": "2025-08-13T11:55:52.614210",
      "fidelity": 0.0,
      "robust_fidelity": 0.021484375,
      "expressibility": {
        "kl_divergence": 11.434677480275292
      },
      "entanglement": 1.2486213235294117
    },
    {
      "circuit_id": "scalability_test1_17q_d3_r0.8_0",
      "num_qubits": 17,
      "depth": 54,
      "timestamp": "2025-08-13T11:55:52.614210",
      "fidelity": 0.0,
      "robust_fidelity": 0.0,
      "expressibility": {
        "kl_divergence": 7.604028666187649
      },
      "entanglement": 1.6999080882352942
    },
    {
      "circuit_id": "scalability_test1_18q_d1_r0.3_0",
      "num_qubits": 18,
      "depth": 19,
      "timestamp": "2025-08-13T11:55:52.614210",
      "fidelity": 0.71484375,
      "robust_fidelity": 0.962890625,
      "expressibility": {
        "kl_divergence": 8.400590583337125
      },
      "entanglement": 0.52734375
    },
    {
      "circuit_id": "scalability_test1_18q_d2_r0.3_0",
      "num_qubits": 18,
      "depth": 38,
      "timestamp": "2025-08-13T11:55:52.614210",
      "fidelity": 0.80078125,
      "robust_fidelity": 0.953125,
      "expressibility": {
        "kl_divergence": 9.374250829268338
      },
      "entanglement": 0.4288194444444444
    },
    {
      "circuit_id": "scalability_test1_18q_d3_r0.3_0",
      "num_qubits": 18,
      "depth": 57,
      "timestamp": "2025-08-13T11:55:52.614210",
      "fidelity": 0.25390625,
      "robust_fidelity": 0.44140625,
      "expressibility": {
        "kl_divergence": 6.522160732903178
      },
      "entanglement": 1.3606770833333335
    },
    {
      "circuit_id": "scalability_test1_18q_d1_r0.5_0",
      "num_qubits": 18,
      "depth": 19,
      "timestamp": "2025-08-13T11:55:52.614210",
      "fidelity": 0.7109375,
      "robust_fidelity": 0.96875,
      "expressibility": {
        "kl_divergence": 14.467473804164493
      },
      "entanglement": 0.5108506944444444
    },
    {
      "circuit_id": "scalability_test1_18q_d2_r0.5_0",
      "num_qubits": 18,
      "depth": 38,
      "timestamp": "2025-08-13T11:55:52.614210",
      "fidelity": 0.158203125,
      "robust_fidelity": 0.40625,
      "expressibility": {
        "kl_divergence": 8.573716053160991
      },
      "entanglement": 0.9891493055555556
    },
    {
      "circuit_id": "scalability_test1_18q_d3_r0.5_0",
      "num_qubits": 18,
      "depth": 57,
      "timestamp": "2025-08-13T11:55:52.614210",
      "fidelity": 0.0,
      "robust_fidelity": 0.001953125,
      "expressibility": {
        "kl_divergence": 7.604028666187643
      },
      "entanglement": 1.6393229166666667
    },
    {
      "circuit_id": "scalability_test1_18q_d1_r0.8_0",
      "num_qubits": 18,
      "depth": 19,
      "timestamp": "2025-08-13T11:55:52.614210",
      "fidelity": 0.736328125,
      "robust_fidelity": 0.96484375,
      "expressibility": {
        "kl_divergence": 13.152723503515183
      },
      "entanglement": 0.5030381944444444
    },
    {
      "circuit_id": "scalability_test1_18q_d2_r0.8_0",
      "num_qubits": 18,
      "depth": 38,
      "timestamp": "2025-08-13T11:55:52.614210",
      "fidelity": 0.0,
      "robust_fidelity": 0.0078125,
      "expressibility": {
        "kl_divergence": 12.356730517200702
      },
      "entanglement": 1.3519965277777777
    },
    {
      "circuit_id": "scalability_test1_18q_d3_r0.8_0",
      "num_qubits": 18,
      "depth": 57,
      "timestamp": "2025-08-13T11:55:52.614210",
      "fidelity": 0.0,
      "robust_fidelity": 0.0,
      "expressibility": {
        "kl_divergence": 10.336065202738162
      },
      "entanglement": 1.6614583333333333
    },
    {
      "circuit_id": "scalability_test1_19q_d1_r0.3_0",
      "num_qubits": 19,
      "depth": 20,
      "timestamp": "2025-08-13T11:55:52.614210",
      "fidelity": 0.66015625,
      "robust_fidelity": 0.94921875,
      "expressibility": {
        "kl_divergence": 10.534107249084112
      },
      "entanglement": 0.4642269736842106
    },
    {
      "circuit_id": "scalability_test1_19q_d2_r0.3_0",
      "num_qubits": 19,
      "depth": 40,
      "timestamp": "2025-08-13T11:55:52.614210",
      "fidelity": 0.681640625,
      "robust_fidelity": 0.9296875,
      "expressibility": {
        "kl_divergence": 10.46809323364867
      },
      "entanglement": 0.997532894736842
    },
    {
      "circuit_id": "scalability_test1_19q_d3_r0.3_0",
      "num_qubits": 19,
      "depth": 60,
      "timestamp": "2025-08-13T11:55:52.614210",
      "fidelity": 0.017578125,
      "robust_fidelity": 0.1328125,
      "expressibility": {
        "kl_divergence": 10.402079218200019
      },
      "entanglement": 1.381578947368421
    },
    {
      "circuit_id": "scalability_test1_19q_d1_r0.5_0",
      "num_qubits": 19,
      "depth": 20,
      "timestamp": "2025-08-13T11:55:52.614210",
      "fidelity": 0.703125,
      "robust_fidelity": 0.95703125,
      "expressibility": {
        "kl_divergence": 9.399167407316096
      },
      "entanglement": 0.48807565789473695
    },
    {
      "circuit_id": "scalability_test1_19q_d2_r0.5_0",
      "num_qubits": 19,
      "depth": 40,
      "timestamp": "2025-08-13T11:55:52.614210",
      "fidelity": 0.21875,
      "robust_fidelity": 0.560546875,
      "expressibility": {
        "kl_divergence": 7.38107004093472
      },
      "entanglement": 1.1369243421052633
    },
    {
      "circuit_id": "scalability_test1_19q_d3_r0.5_0",
      "num_qubits": 19,
      "depth": 60,
      "timestamp": "2025-08-13T11:55:52.614210",
      "fidelity": 0.001953125,
      "robust_fidelity": 0.00390625,
      "expressibility": {
        "kl_divergence": 10.559023827126886
      },
      "entanglement": 1.4683388157894737
    },
    {
      "circuit_id": "scalability_test1_19q_d1_r0.8_0",
      "num_qubits": 19,
      "depth": 20,
      "timestamp": "2025-08-13T11:55:52.614210",
      "fidelity": 0.720703125,
      "robust_fidelity": 0.958984375,
      "expressibility": {
        "kl_divergence": 12.472577688556006
      },
      "entanglement": 0.4847861842105263
    },
    {
      "circuit_id": "scalability_test1_19q_d2_r0.8_0",
      "num_qubits": 19,
      "depth": 40,
      "timestamp": "2025-08-13T11:55:52.614210",
      "fidelity": 0.009765625,
      "robust_fidelity": 0.0390625,
      "expressibility": {
        "kl_divergence": 8.532618614621517
      },
      "entanglement": 1.075246710526316
    },
    {
      "circuit_id": "scalability_test1_19q_d3_r0.8_0",
      "num_qubits": 19,
      "depth": 60,
      "timestamp": "2025-08-13T11:55:52.614841",
      "fidelity": 0.0,
      "robust_fidelity": 0.0,
      "expressibility": {
        "kl_divergence": 6.547077310945955
      },
      "entanglement": 1.580592105263158
    },
    {
      "circuit_id": "scalability_test1_35q_d1_r0.3_0",
      "num_qubits": 35,
      "depth": 36,
      "timestamp": "2025-08-13T11:55:52.614841",
      "fidelity": 0.41796875,
      "robust_fidelity": 0.994140625,
      "expressibility": {
        "kl_divergence": 11.252816293439421
      },
      "entanglement": 0.48950892857142847
    },
    {
      "circuit_id": "scalability_test1_35q_d2_r0.3_0",
      "num_qubits": 35,
      "depth": 72,
      "timestamp": "2025-08-13T11:55:52.614841",
      "fidelity": 0.318359375,
      "robust_fidelity": 0.958984375,
      "expressibility": {
        "kl_divergence": 7.381070040934719
      },
      "entanglement": 0.8830357142857144
    },
    {
      "circuit_id": "scalability_test1_35q_d3_r0.3_0",
      "num_qubits": 35,
      "depth": 108,
      "timestamp": "2025-08-13T11:55:52.614841",
      "fidelity": 0.0,
      "robust_fidelity": 0.068359375,
      "expressibility": {
        "kl_divergence": 8.532618614621517
      },
      "entanglement": 1.1986607142857144
    },
    {
      "circuit_id": "scalability_test1_35q_d1_r0.5_0",
      "num_qubits": 35,
      "depth": 36,
      "timestamp": "2025-08-13T11:55:52.614841",
      "fidelity": 0.345703125,
      "robust_fidelity": 0.982421875,
      "expressibility": {
        "kl_divergence": 6.613091326766899
      },
      "entanglement": 0.4899553571428572
    },
    {
      "circuit_id": "scalability_test1_35q_d2_r0.5_0",
      "num_qubits": 35,
      "depth": 72,
      "timestamp": "2025-08-13T11:55:52.614841",
      "fidelity": 0.009765625,
      "robust_fidelity": 0.17578125,
      "expressibility": {
        "kl_divergence": 13.44169614372785
      },
      "entanglement": 1.249107142857143
    },
    {
      "circuit_id": "scalability_test1_35q_d3_r0.5_0",
      "num_qubits": 35,
      "depth": 108,
      "timestamp": "2025-08-13T11:55:52.614841",
      "fidelity": 0.0,
      "robust_fidelity": 0.0,
      "expressibility": {
        "kl_divergence": 8.400590583337127
      },
      "entanglement": 1.5290178571428572
    },
    {
      "circuit_id": "scalability_test1_35q_d1_r0.8_0",
      "num_qubits": 35,
      "depth": 36,
      "timestamp": "2025-08-13T11:55:52.614841",
      "fidelity": 0.423828125,
      "robust_fidelity": 0.984375,
      "expressibility": {
        "kl_divergence": 10.179120593719617
      },
      "entanglement": 0.5116071428571429
    },
    {
      "circuit_id": "scalability_test1_35q_d2_r0.8_0",
      "num_qubits": 35,
      "depth": 72,
      "timestamp": "2025-08-13T11:55:52.614841",
      "fidelity": 0.0,
      "robust_fidelity": 0.0,
      "expressibility": {
        "kl_divergence": 9.688140049608062
      },
      "entanglement": 1.4058035714285713
    },
    {
      "circuit_id": "scalability_test1_35q_d3_r0.8_0",
      "num_qubits": 35,
      "depth": 108,
      "timestamp": "2025-08-13T11:55:52.614841",
      "fidelity": 0.0,
      "robust_fidelity": 0.0,
      "expressibility": {
        "kl_divergence": 11.211718856104678
      },
      "entanglement": 1.7390625
    },
    {
      "circuit_id": "scalability_test1_45q_d1_r0.3_0",
      "num_qubits": 45,
      "depth": 46,
      "timestamp": "2025-08-13T11:55:52.614841",
      "fidelity": 0.373046875,
      "robust_fidelity": 0.994140625,
      "expressibility": {
        "kl_divergence": 6.522160732903177
      },
      "entanglement": 0.48211805555555554
    },
    {
      "circuit_id": "scalability_test1_45q_d2_r0.3_0",
      "num_qubits": 45,
      "depth": 92,
      "timestamp": "2025-08-13T11:55:52.614841",
      "fidelity": 0.294921875,
      "robust_fidelity": 0.978515625,
      "expressibility": {
        "kl_divergence": 9.3082368137037
      },
      "entanglement": 0.7432291666666666
    },
    {
      "circuit_id": "scalability_test1_45q_d3_r0.3_0",
      "num_qubits": 45,
      "depth": 138,
      "timestamp": "2025-08-13T11:55:52.614841",
      "fidelity": 0.0,
      "robust_fidelity": 0.013671875,
      "expressibility": {
        "kl_divergence": 8.466604598985924
      },
      "entanglement": 1.3267361111111111
    },
    {
      "circuit_id": "scalability_test1_45q_d1_r0.5_0",
      "num_qubits": 45,
      "depth": 46,
      "timestamp": "2025-08-13T11:55:52.614841",
      "fidelity": 0.36328125,
      "robust_fidelity": 0.998046875,
      "expressibility": {
        "kl_divergence": 5.691572261997118
      },
      "entanglement": 0.4678819444444444
    },
    {
      "circuit_id": "scalability_test1_45q_d2_r0.5_0",
      "num_qubits": 45,
      "depth": 92,
      "timestamp": "2025-08-13T11:55:52.614841",
      "fidelity": 0.001953125,
      "robust_fidelity": 0.31640625,
      "expressibility": {
        "kl_divergence": 9.46518142286504
      },
      "entanglement": 1.2682291666666665
    },
    {
      "circuit_id": "scalability_test1_45q_d3_r0.5_0",
      "num_qubits": 45,
      "depth": 138,
      "timestamp": "2025-08-13T11:55:52.614841",
      "fidelity": 0.0,
      "robust_fidelity": 0.0,
      "expressibility": {
        "kl_divergence": 8.466604598985924
      },
      "entanglement": 1.8822916666666667
    },
    {
      "circuit_id": "scalability_test1_45q_d1_r0.8_0",
      "num_qubits": 45,
      "depth": 46,
      "timestamp": "2025-08-13T11:55:52.614841",
      "fidelity": 0.3203125,
      "robust_fidelity": 0.990234375,
      "expressibility": {
        "kl_divergence": 10.245134609210368
      },
      "entanglement": 0.47326388888888893
    },
    {
      "circuit_id": "scalability_test1_45q_d2_r0.8_0",
      "num_qubits": 45,
      "depth": 92,
      "timestamp": "2025-08-13T11:55:52.614841",
      "fidelity": 0.0,
      "robust_fidelity": 0.0,
      "expressibility": {
        "kl_divergence": 12.3567305172007
      },
      "entanglement": 1.6197916666666667
    },
    {
      "circuit_id": "scalability_test1_45q_d3_r0.8_0",
      "num_qubits": 45,
      "depth": 138,
      "timestamp": "2025-08-13T11:55:52.614841",
      "fidelity": 0.0,
      "robust_fidelity": 0.0,
      "expressibility": {
        "kl_divergence": 11.500691495620686
      },
      "entanglement": 1.7355902777777779
    },
    {
      "circuit_id": "scalability_test_15q_d1_r0.3_0",
      "num_qubits": 15,
      "depth": 16,
      "timestamp": "2025-08-13T10:14:44.745735",
      "fidelity": 0.720703125,
      "robust_fidelity": 0.95703125,
      "expressibility": {
        "kl_divergence": 11.186802278049438
      },
      "entanglement": 0.5125
    },
    {
      "circuit_id": "scalability_test_15q_d2_r0.3_0",
      "num_qubits": 15,
      "depth": 32,
      "timestamp": "2025-08-13T10:14:44.745735",
      "fidelity": 0.1953125,
      "robust_fidelity": 0.701171875,
      "expressibility": {
        "kl_divergence": 9.308236813703704
      },
      "entanglement": 0.9260416666666667
    },
    {
      "circuit_id": "scalability_test_15q_d3_r0.3_0",
      "num_qubits": 15,
      "depth": 48,
      "timestamp": "2025-08-13T10:14:44.745735",
      "fidelity": 0.060546875,
      "robust_fidelity": 0.244140625,
      "expressibility": {
        "kl_divergence": 7.472000634730736
      },
      "entanglement": 1.2125
    },
    {
      "circuit_id": "scalability_test_15q_d1_r0.5_0",
      "num_qubits": 15,
      "depth": 16,
      "timestamp": "2025-08-13T10:14:44.745735",
      "fidelity": 0.705078125,
      "robust_fidelity": 0.96484375,
      "expressibility": {
        "kl_divergence": 9.465181422865035
      },
      "entanglement": 0.4921875
    },
    {
      "circuit_id": "scalability_test_15q_d2_r0.5_0",
      "num_qubits": 15,
      "depth": 32,
      "timestamp": "2025-08-13T10:14:44.745735",
      "fidelity": 0.2265625,
      "robust_fidelity": 0.53515625,
      "expressibility": {
        "kl_divergence": 8.466604598985922
      },
      "entanglement": 0.8307291666666667
    },
    {
      "circuit_id": "scalability_test_15q_d3_r0.5_0",
      "num_qubits": 15,
      "depth": 48,
      "timestamp": "2025-08-13T10:14:44.745735",
      "fidelity": 0.009765625,
      "robust_fidelity": 0.048828125,
      "expressibility": {
        "kl_divergence": 10.245134609210364
      },
      "entanglement": 1.3072916666666665
    },
    {
      "circuit_id": "scalability_test_15q_d1_r0.8_0",
      "num_qubits": 15,
      "depth": 16,
      "timestamp": "2025-08-13T10:14:44.745735",
      "fidelity": 0.73046875,
      "robust_fidelity": 0.962890625,
      "expressibility": {
        "kl_divergence": 8.466604598985924
      },
      "entanglement": 0.5020833333333334
    },
    {
      "circuit_id": "scalability_test_15q_d2_r0.8_0",
      "num_qubits": 15,
      "depth": 32,
      "timestamp": "2025-08-13T10:14:44.745735",
      "fidelity": 0.015625,
      "robust_fidelity": 0.09765625,
      "expressibility": {
        "kl_divergence": 8.309659989624874
      },
      "entanglement": 1.3776041666666665
    },
    {
      "circuit_id": "scalability_test_15q_d3_r0.8_0",
      "num_qubits": 15,
      "depth": 48,
      "timestamp": "2025-08-13T10:14:44.745735",
      "fidelity": 0.0,
      "robust_fidelity": 0.00390625,
      "expressibility": {
        "kl_divergence": 9.64704261000388
      },
      "entanglement": 1.7057291666666667
    },
    {
      "circuit_id": "scalability_test_20q_d1_r0.3_0",
      "num_qubits": 20,
      "depth": 21,
      "timestamp": "2025-08-13T10:14:44.745735",
      "fidelity": 0.693359375,
      "robust_fidelity": 0.998046875,
      "expressibility": {
        "kl_divergence": 6.456146717066536
      },
      "entanglement": 0.537890625
    },
    {
      "circuit_id": "scalability_test_20q_d2_r0.3_0",
      "num_qubits": 20,
      "depth": 42,
      "timestamp": "2025-08-13T10:14:44.745735",
      "fidelity": 0.2109375,
      "robust_fidelity": 0.810546875,
      "expressibility": {
        "kl_divergence": 12.33181393915045
      },
      "entanglement": 0.8707031249999999
    },
    {
      "circuit_id": "scalability_test_20q_d3_r0.3_0",
      "num_qubits": 20,
      "depth": 63,
      "timestamp": "2025-08-13T10:14:44.745735",
      "fidelity": 0.0078125,
      "robust_fidelity": 0.076171875,
      "expressibility": {
        "kl_divergence": 8.375674005289362
      },
      "entanglement": 1.198828125
    },
    {
      "circuit_id": "scalability_test_20q_d1_r0.5_0",
      "num_qubits": 20,
      "depth": 21,
      "timestamp": "2025-08-13T10:14:44.745735",
      "fidelity": 0.685546875,
      "robust_fidelity": 0.994140625,
      "expressibility": {
        "kl_divergence": 6.547077310945954
      },
      "entanglement": 0.55546875
    },
    {
      "circuit_id": "scalability_test_20q_d2_r0.5_0",
      "num_qubits": 20,
      "depth": 42,
      "timestamp": "2025-08-13T10:14:44.745735",
      "fidelity": 0.03515625,
      "robust_fidelity": 0.51171875,
      "expressibility": {
        "kl_divergence": 12.538591703797602
      },
      "entanglement": 1.259375
    },
    {
      "circuit_id": "scalability_test_20q_d3_r0.5_0",
      "num_qubits": 20,
      "depth": 63,
      "timestamp": "2025-08-13T10:14:44.745735",
      "fidelity": 0.001953125,
      "robust_fidelity": 0.015625,
      "expressibility": {
        "kl_divergence": 4.5502715302466115
      },
      "entanglement": 1.381640625
    },
    {
      "circuit_id": "scalability_test_20q_d1_r0.8_0",
      "num_qubits": 20,
      "depth": 21,
      "timestamp": "2025-08-13T10:14:44.745735",
      "fidelity": 0.666015625,
      "robust_fidelity": 0.9921875,
      "expressibility": {
        "kl_divergence": 10.245134609210364
      },
      "entanglement": 0.53046875
    },
    {
      "circuit_id": "scalability_test_20q_d2_r0.8_0",
      "num_qubits": 20,
      "depth": 42,
      "timestamp": "2025-08-13T10:14:44.745735",
      "fidelity": 0.0,
      "robust_fidelity": 0.013671875,
      "expressibility": {
        "kl_divergence": 14.310529195972226
      },
      "entanglement": 1.101171875
    },
    {
      "circuit_id": "scalability_test_20q_d3_r0.8_0",
      "num_qubits": 20,
      "depth": 63,
      "timestamp": "2025-08-13T10:14:44.745735",
      "fidelity": 0.0,
      "robust_fidelity": 0.0,
      "expressibility": {
        "kl_divergence": 6.522160732903178
      },
      "entanglement": 1.634375
    },
    {
      "circuit_id": "scalability_test_25q_d1_r0.3_0",
      "num_qubits": 25,
      "depth": 26,
      "timestamp": "2025-08-13T10:14:44.745735",
      "fidelity": 0.474609375,
      "robust_fidelity": 0.982421875,
      "expressibility": {
        "kl_divergence": 7.381070040934719
      },
      "entanglement": 0.514375
    },
    {
      "circuit_id": "scalability_test_25q_d2_r0.3_0",
      "num_qubits": 25,
      "depth": 52,
      "timestamp": "2025-08-13T10:14:44.745735",
      "fidelity": 0.236328125,
      "robust_fidelity": 0.796875,
      "expressibility": {
        "kl_divergence": 11.384844324179781
      },
      "entanglement": 1.08125
    },
    {
      "circuit_id": "scalability_test_25q_d3_r0.3_0",
      "num_qubits": 25,
      "depth": 78,
      "timestamp": "2025-08-13T10:14:44.745735",
      "fidelity": 0.029296875,
      "robust_fidelity": 0.26171875,
      "expressibility": {
        "kl_divergence": 8.30965998962487
      },
      "entanglement": 1.4528124999999998
    },
    {
      "circuit_id": "scalability_test_25q_d1_r0.5_0",
      "num_qubits": 25,
      "depth": 26,
      "timestamp": "2025-08-13T10:14:44.745735",
      "fidelity": 0.490234375,
      "robust_fidelity": 0.97265625,
      "expressibility": {
        "kl_divergence": 11.186802278049445
      },
      "entanglement": 0.5293749999999999
    },
    {
      "circuit_id": "scalability_test_25q_d2_r0.5_0",
      "num_qubits": 25,
      "depth": 52,
      "timestamp": "2025-08-13T10:14:44.745735",
      "fidelity": 0.001953125,
      "robust_fidelity": 0.095703125,
      "expressibility": {
        "kl_divergence": 10.468093233648668
      },
      "entanglement": 1.1553125
    },
    {
      "circuit_id": "scalability_test_25q_d3_r0.5_0",
      "num_qubits": 25,
      "depth": 78,
      "timestamp": "2025-08-13T10:14:44.745735",
      "fidelity": 0.0,
      "robust_fidelity": 0.0,
      "expressibility": {
        "kl_divergence": 9.490098000910308
      },
      "entanglement": 1.58
    },
    {
      "circuit_id": "scalability_test_25q_d1_r0.8_0",
      "num_qubits": 25,
      "depth": 26,
      "timestamp": "2025-08-13T10:14:44.745735",
      "fidelity": 0.53515625,
      "robust_fidelity": 0.97265625,
      "expressibility": {
        "kl_divergence": 7.44708405668547
      },
      "entanglement": 0.5078125
    },
    {
      "circuit_id": "scalability_test_25q_d2_r0.8_0",
      "num_qubits": 25,
      "depth": 52,
      "timestamp": "2025-08-13T10:14:44.745735",
      "fidelity": 0.0,
      "robust_fidelity": 0.01953125,
      "expressibility": {
        "kl_divergence": 9.37425082926834
      },
      "entanglement": 1.2759375
    },
    {
      "circuit_id": "scalability_test_25q_d3_r0.8_0",
      "num_qubits": 25,
      "depth": 78,
      "timestamp": "2025-08-13T10:14:44.745735",
      "fidelity": 0.0,
      "robust_fidelity": 0.0,
      "expressibility": {
        "kl_divergence": 12.45095737225391
      },
      "entanglement": 1.7240625
    },
    {
      "circuit_id": "scalability_test_30q_d1_r0.3_0",
      "num_qubits": 30,
      "depth": 31,
      "timestamp": "2025-08-13T10:14:44.745735",
      "fidelity": 0.38671875,
      "robust_fidelity": 0.994140625,
      "expressibility": {
        "kl_divergence": 10.27005118726311
      },
      "entanglement": 0.49609375
    },
    {
      "circuit_id": "scalability_test_30q_d2_r0.3_0",
      "num_qubits": 30,
      "depth": 62,
      "timestamp": "2025-08-13T10:14:44.745735",
      "fidelity": 0.03125,
      "robust_fidelity": 0.767578125,
      "expressibility": {
        "kl_divergence": 11.434677480275294
      },
      "entanglement": 0.9005208333333334
    },
    {
      "circuit_id": "scalability_test_30q_d3_r0.3_0",
      "num_qubits": 30,
      "depth": 93,
      "timestamp": "2025-08-13T10:14:44.745735",
      "fidelity": 0.0,
      "robust_fidelity": 0.138671875,
      "expressibility": {
        "kl_divergence": 6.679105342574642
      },
      "entanglement": 1.19609375
    },
    {
      "circuit_id": "scalability_test_30q_d1_r0.5_0",
      "num_qubits": 30,
      "depth": 31,
      "timestamp": "2025-08-13T10:14:44.745735",
      "fidelity": 0.435546875,
      "robust_fidelity": 1.0,
      "expressibility": {
        "kl_divergence": 8.375674005289365
      },
      "entanglement": 0.5132812499999999
    },
    {
      "circuit_id": "scalability_test_30q_d2_r0.5_0",
      "num_qubits": 30,
      "depth": 62,
      "timestamp": "2025-08-13T10:14:44.745735",
      "fidelity": 0.04296875,
      "robust_fidelity": 0.611328125,
      "expressibility": {
        "kl_divergence": 14.495686642615652
      },
      "entanglement": 1.0627604166666667
    },
    {
      "circuit_id": "scalability_test_30q_d3_r0.5_0",
      "num_qubits": 30,
      "depth": 93,
      "timestamp": "2025-08-13T10:14:44.745735",
      "fidelity": 0.0,
      "robust_fidelity": 0.0,
      "expressibility": {
        "kl_divergence": 10.402079218200017
      },
      "entanglement": 1.5283854166666666
    },
    {
      "circuit_id": "scalability_test_30q_d1_r0.8_0",
      "num_qubits": 30,
      "depth": 31,
      "timestamp": "2025-08-13T10:14:44.745735",
      "fidelity": 0.439453125,
      "robust_fidelity": 0.9921875,
      "expressibility": {
        "kl_divergence": 6.390132701216695
      },
      "entanglement": 0.50859375
    },
    {
      "circuit_id": "scalability_test_30q_d2_r0.8_0",
      "num_qubits": 30,
      "depth": 62,
      "timestamp": "2025-08-13T10:14:44.745735",
      "fidelity": 0.0,
      "robust_fidelity": 0.0234375,
      "expressibility": {
        "kl_divergence": 6.456146717066536
      },
      "entanglement": 1.36953125
    },
    {
      "circuit_id": "scalability_test_30q_d3_r0.8_0",
      "num_qubits": 30,
      "depth": 93,
      "timestamp": "2025-08-13T10:14:44.745735",
      "fidelity": 0.0,
      "robust_fidelity": 0.0,
      "expressibility": {
        "kl_divergence": 7.736056698465347
      },
      "entanglement": 1.7716145833333332
    },
    {
      "circuit_id": "scalability_test_40q_d1_r0.3_0",
      "num_qubits": 40,
      "depth": 41,
      "timestamp": "2025-08-13T10:14:44.745735",
      "fidelity": 0.341796875,
      "robust_fidelity": 0.994140625,
      "expressibility": {
        "kl_divergence": 12.290716501927708
      },
      "entanglement": 0.4957031249999999
    },
    {
      "circuit_id": "scalability_test_40q_d2_r0.3_0",
      "num_qubits": 40,
      "depth": 82,
      "timestamp": "2025-08-13T10:14:44.745735",
      "fidelity": 0.12109375,
      "robust_fidelity": 0.96484375,
      "expressibility": {
        "kl_divergence": 14.492390383763984
      },
      "entanglement": 0.989453125
    },
    {
      "circuit_id": "scalability_test_40q_d3_r0.3_0",
      "num_qubits": 40,
      "depth": 123,
      "timestamp": "2025-08-13T10:14:44.745735",
      "fidelity": 0.0,
      "robust_fidelity": 0.21875,
      "expressibility": {
        "kl_divergence": 4.5502715302466115
      },
      "entanglement": 1.1123046875
    },
    {
      "circuit_id": "scalability_test_40q_d1_r0.5_0",
      "num_qubits": 40,
      "depth": 41,
      "timestamp": "2025-08-13T10:14:44.745735",
      "fidelity": 0.35546875,
      "robust_fidelity": 0.998046875,
      "expressibility": {
        "kl_divergence": 6.522160732903176
      },
      "entanglement": 0.46406250000000004
    },
    {
      "circuit_id": "scalability_test_40q_d2_r0.5_0",
      "num_qubits": 40,
      "depth": 82,
      "timestamp": "2025-08-13T10:14:44.745735",
      "fidelity": 0.0,
      "robust_fidelity": 0.087890625,
      "expressibility": {
        "kl_divergence": 5.732669700528376
      },
      "entanglement": 1.0662109375
    },
    {
      "circuit_id": "scalability_test_40q_d3_r0.5_0",
      "num_qubits": 40,
      "depth": 123,
      "timestamp": "2025-08-13T10:14:44.745735",
      "fidelity": 0.0,
      "robust_fidelity": 0.0,
      "expressibility": {
        "kl_divergence": 4.616285546267238
      },
      "entanglement": 1.5373046875
    },
    {
      "circuit_id": "scalability_test_40q_d1_r0.8_0",
      "num_qubits": 40,
      "depth": 41,
      "timestamp": "2025-08-13T10:14:44.745735",
      "fidelity": 0.3203125,
      "robust_fidelity": 0.99609375,
      "expressibility": {
        "kl_divergence": 6.390132701216697
      },
      "entanglement": 0.4912109375
    },
    {
      "circuit_id": "scalability_test_40q_d2_r0.8_0",
      "num_qubits": 40,
      "depth": 82,
      "timestamp": "2025-08-13T10:14:44.745735",
      "fidelity": 0.0,
      "robust_fidelity": 0.005859375,
      "expressibility": {
        "kl_divergence": 14.29434833546744
      },
      "entanglement": 1.534765625
    },
    {
      "circuit_id": "scalability_test_40q_d3_r0.8_0",
      "num_qubits": 40,
      "depth": 123,
      "timestamp": "2025-08-13T10:14:44.745735",
      "fidelity": 0.0,
      "robust_fidelity": 0.0,
      "expressibility": {
        "kl_divergence": 5.468613636192755
      },
      "entanglement": 1.7873046875
    },
    {
      "circuit_id": "scalability_test_50q_d1_r0.3_0",
      "num_qubits": 50,
      "depth": 51,
      "timestamp": "2025-08-13T10:14:44.745735",
      "fidelity": 0.244140625,
      "robust_fidelity": 0.99609375,
      "expressibility": {
        "kl_divergence": 13.350765550510614
      },
      "entanglement": 0.4959374999999999
    },
    {
      "circuit_id": "scalability_test_50q_d2_r0.3_0",
      "num_qubits": 50,
      "depth": 102,
      "timestamp": "2025-08-13T10:14:44.745735",
      "fidelity": 0.0078125,
      "robust_fidelity": 0.6484375,
      "expressibility": {
        "kl_divergence": 8.375674005289365
      },
      "entanglement": 1.0390625
    },
    {
      "circuit_id": "scalability_test_50q_d3_r0.3_0",
      "num_qubits": 50,
      "depth": 153,
      "timestamp": "2025-08-13T10:14:44.745735",
      "fidelity": 0.0,
      "robust_fidelity": 0.2421875,
      "expressibility": {
        "kl_divergence": 8.466604598985924
      },
      "entanglement": 1.371875
    },
    {
      "circuit_id": "scalability_test_50q_d1_r0.5_0",
      "num_qubits": 50,
      "depth": 51,
      "timestamp": "2025-08-13T10:14:44.745735",
      "fidelity": 0.259765625,
      "robust_fidelity": 0.998046875,
      "expressibility": {
        "kl_divergence": 13.086709488301988
      },
      "entanglement": 0.49359375000000005
    },
    {
      "circuit_id": "scalability_test_50q_d2_r0.5_0",
      "num_qubits": 50,
      "depth": 102,
      "timestamp": "2025-08-13T10:14:44.745735",
      "fidelity": 0.0,
      "robust_fidelity": 0.068359375,
      "expressibility": {
        "kl_divergence": 7.315056025170767
      },
      "entanglement": 1.2803125
    },
    {
      "circuit_id": "scalability_test_50q_d3_r0.5_0",
      "num_qubits": 50,
      "depth": 153,
      "timestamp": "2025-08-13T10:14:44.745735",
      "fidelity": 0.0,
      "robust_fidelity": 0.0,
      "expressibility": {
        "kl_divergence": 6.522160732903176
      },
      "entanglement": 1.71828125
    },
    {
      "circuit_id": "scalability_test_50q_d1_r0.8_0",
      "num_qubits": 50,
      "depth": 51,
      "timestamp": "2025-08-13T10:14:44.745735",
      "fidelity": 0.267578125,
      "robust_fidelity": 1.0,
      "expressibility": {
        "kl_divergence": 11.343746886866446
      },
      "entanglement": 0.49078124999999995
    },
    {
      "circuit_id": "scalability_test_50q_d2_r0.8_0",
      "num_qubits": 50,
      "depth": 102,
      "timestamp": "2025-08-13T10:14:44.745735",
      "fidelity": 0.0,
      "robust_fidelity": 0.001953125,
      "expressibility": {
        "kl_divergence": 3.6349075555902304
      },
      "entanglement": 1.52578125
    },
    {
      "circuit_id": "scalability_test_50q_d3_r0.8_0",
      "num_qubits": 50,
      "depth": 153,
      "timestamp": "2025-08-13T10:14:44.745735",
      "fidelity": 0.0,
      "robust_fidelity": 0.0,
      "expressibility": {
        "kl_divergence": 11.277732871492164
      },
      "entanglement": 1.814375
    }
  ],
  "merged_circuits": {},
  "total_experiments": 108,
  "experiment_config": {
    "num_qubits": [
      16,
      17,
      18,
      19,
      35,
      45
    ],
    "depth": [
      1,
      2,
      3
    ],
    "shots": 512,
    "num_circuits": 1,
    "optimization_level": 3,
    "two_qubit_ratio": [
      0.3,
      0.5,
      0.8
    ]
  },
  "experiment_name": "scalability_test1"
}